dealerID,carID,sellDate,price,warrantyPeriod,paymentMethod
182,654,2023-03-23,186864,60,Financing
898,242,2023-05-13,120649,36,Credit Card
957,13,2023-05-31,74703,60,Financing
499,323,2022-12-10,160852,12,Trade-In
971,129,2024-06-28,27709,36,Credit Card
771,491,2024-09-22,376383,48,Financing
561,456,2024-09-14,280516,12,Lease
799,66,2024-03-16,394665,36,Credit Card
710,588,2024-01-31,123940,36,Credit Card
505,336,2024-01-02,181695,48,Cash
882,540,2024-05-04,369845,60,Cash
398,532,2023-09-02,75665,36,Cash
537,21,2023-04-03,42139,48,Financing
700,65,2023-10-05,116217,48,Cash
859,601,2024-05-05,75343,60,Cash
259,109,2023-07-23,166121,60,Cash
301,230,2024-06-09,453719,36,Trade-In
266,710,2023-01-27,129156,12,Financing
336,727,2024-02-18,116951,48,Financing
920,427,2023-06-30,85895,36,Cash
221,811,2023-07-16,426305,60,Lease
684,437,2023-11-19,452346,24,Financing
181,222,2024-08-20,183848,12,Cash
630,93,2023-06-06,313467,36,Lease
307,442,2024-06-17,243425,60,Financing
899,986,2024-01-16,371990,12,Financing
63,564,2023-10-14,308440,12,Credit Card
825,225,2023-12-18,374633,60,Lease
942,526,2024-01-21,371122,60,Lease
782,608,2023-08-01,313320,48,Trade-In
377,255,2023-06-19,442413,36,Lease
401,461,2023-03-14,78576,24,Financing
68,562,2023-02-23,394887,48,Trade-In
411,962,2023-12-27,394711,12,Trade-In
62,274,2023-06-01,415183,12,Financing
821,896,2023-09-18,18618,48,Financing
207,874,2023-08-28,200188,12,Credit Card
749,586,2024-08-09,481466,60,Lease
874,503,2024-04-19,340796,36,Trade-In
994,246,2024-02-16,456837,60,Cash
719,264,2022-10-11,69748,48,Financing
186,790,2024-07-09,398261,48,Cash
679,96,2022-11-30,24567,48,Financing
396,739,2023-03-22,241936,24,Credit Card
689,841,2024-09-01,297849,60,Trade-In
61,712,2023-06-02,193307,60,Credit Card
408,376,2022-10-21,180744,12,Cash
600,200,2023-05-07,145304,12,Credit Card
184,688,2023-07-02,489762,12,Lease
899,913,2023-09-14,496471,60,Cash
329,264,2024-02-12,247608,60,Cash
149,527,2023-09-18,106351,48,Credit Card
48,609,2023-03-02,300126,60,Trade-In
611,840,2023-07-27,194711,60,Lease
401,817,2024-09-15,133825,36,Lease
237,43,2024-05-26,369805,48,Financing
41,846,2023-01-14,470577,36,Cash
260,116,2023-02-05,386160,12,Cash
602,931,2023-03-08,320779,60,Cash
129,275,2024-04-19,217106,24,Cash
440,819,2023-07-24,398825,60,Trade-In
869,367,2023-10-21,77073,48,Lease
927,497,2023-11-30,184274,12,Credit Card
319,978,2024-05-11,118461,48,Credit Card
243,560,2024-05-12,284270,60,Financing
391,987,2023-11-09,235828,36,Lease
390,387,2023-03-16,18521,12,Lease
905,62,2023-12-08,294300,48,Lease
773,534,2023-09-26,481659,48,Lease
948,254,2024-03-06,345068,12,Credit Card
223,457,2023-09-26,125454,48,Financing
417,924,2023-08-24,327579,12,Cash
38,230,2023-11-10,23616,24,Trade-In
317,782,2022-12-06,364478,60,Trade-In
35,662,2024-08-12,268817,12,Financing
508,73,2023-01-25,80159,48,Credit Card
471,976,2024-06-09,429656,24,Financing
600,759,2023-01-08,113263,48,Trade-In
63,102,2024-04-14,193201,48,Trade-In
11,791,2024-09-27,58769,24,Trade-In
258,976,2024-02-21,194732,24,Financing
140,879,2023-01-30,184840,12,Financing
383,638,2023-01-10,73992,48,Lease
442,945,2023-08-17,153358,48,Cash
176,436,2024-06-19,109112,60,Trade-In
126,776,2023-07-02,448993,24,Financing
946,241,2024-06-03,398147,48,Credit Card
505,449,2022-10-26,131646,12,Credit Card
15,346,2024-05-27,42245,48,Cash
446,807,2023-02-20,195453,48,Financing
288,742,2023-11-05,115122,48,Trade-In
100,426,2024-08-24,346319,48,Credit Card
859,402,2023-10-26,283589,60,Trade-In
81,652,2023-05-01,247404,24,Financing
735,104,2024-09-16,102907,48,Financing
828,890,2022-12-08,44999,12,Trade-In
827,83,2024-06-07,117512,48,Credit Card
304,502,2024-04-24,263227,48,Financing
554,885,2024-04-11,272614,60,Credit Card
333,436,2023-06-30,154287,48,Cash
424,421,2024-04-09,301320,60,Credit Card
156,169,2024-06-27,76995,12,Credit Card
297,887,2023-08-25,153730,60,Financing
497,874,2023-06-16,407076,36,Lease
296,78,2024-01-17,494390,12,Financing
309,547,2022-11-02,28874,36,Lease
30,872,2022-12-17,59610,60,Lease
843,439,2023-08-26,459431,36,Financing
119,936,2023-01-30,71949,48,Financing
269,47,2023-07-12,95056,60,Financing
58,186,2023-06-19,361138,48,Cash
934,672,2023-07-04,242480,36,Financing
324,919,2023-03-25,230819,60,Trade-In
829,330,2023-04-06,249199,24,Lease
421,409,2024-03-10,9197,48,Lease
160,480,2023-09-25,310251,24,Financing
806,484,2023-05-10,215664,48,Financing
965,73,2023-11-05,307429,36,Lease
190,435,2023-03-11,165435,24,Trade-In
537,396,2024-10-07,410931,48,Financing
475,681,2022-10-29,168608,48,Cash
830,892,2023-03-03,89845,12,Lease
695,377,2024-07-21,252445,24,Credit Card
150,203,2023-11-10,422948,12,Trade-In
212,756,2024-03-15,137655,48,Trade-In
49,839,2022-11-09,26064,12,Lease
726,805,2022-11-12,217962,12,Credit Card
339,33,2024-03-29,329070,12,Trade-In
59,489,2024-07-01,272222,48,Trade-In
760,336,2024-04-16,322955,24,Trade-In
71,67,2023-08-08,389551,12,Lease
281,647,2023-04-03,399839,36,Cash
859,914,2024-05-15,407063,12,Credit Card
551,321,2024-06-23,280907,12,Credit Card
603,226,2023-04-03,115687,36,Cash
149,887,2023-06-29,341857,60,Lease
321,266,2023-08-08,391016,24,Credit Card
739,374,2023-07-03,416749,36,Financing
797,430,2023-04-16,437879,60,Credit Card
407,669,2023-10-30,153953,48,Cash
715,417,2022-10-13,247751,36,Credit Card
226,528,2024-02-04,218767,36,Credit Card
944,8,2023-10-17,484532,12,Lease
776,212,2023-09-12,58360,12,Financing
145,98,2024-07-15,71292,36,Financing
30,835,2023-02-16,284410,48,Trade-In
75,149,2024-09-27,494780,36,Cash
860,503,2023-02-01,418174,48,Lease
506,870,2023-07-27,65677,36,Cash
876,784,2023-12-05,237218,60,Credit Card
967,827,2023-06-01,243679,12,Financing
648,520,2024-10-04,265766,36,Trade-In
279,360,2024-02-03,111258,48,Financing
42,68,2023-04-13,237533,48,Credit Card
290,661,2023-12-20,272846,24,Cash
552,73,2022-11-08,458555,12,Cash
734,617,2024-10-05,485492,48,Cash
142,298,2024-07-22,196042,12,Lease
131,68,2023-07-12,359126,36,Lease
298,11,2022-11-04,435358,48,Lease
872,572,2024-09-03,330672,60,Cash
203,566,2023-10-06,190758,12,Cash
573,344,2023-08-20,226911,24,Credit Card
856,392,2024-04-03,289376,36,Financing
438,308,2023-03-29,333590,48,Trade-In
394,178,2022-10-30,26224,12,Credit Card
496,918,2023-01-08,331180,24,Cash
154,10,2022-10-18,380714,24,Lease
928,825,2024-07-05,106462,36,Financing
94,572,2022-10-18,198795,60,Credit Card
27,839,2023-02-03,63804,36,Credit Card
279,52,2024-04-21,60058,60,Trade-In
115,445,2024-04-02,280846,12,Lease
809,983,2023-03-23,198223,60,Financing
412,659,2023-06-27,368307,36,Financing
37,304,2024-05-26,390472,36,Trade-In
918,127,2023-10-08,436377,48,Credit Card
591,10,2022-11-20,281856,24,Trade-In
159,917,2023-05-26,142554,60,Financing
937,651,2024-04-29,274620,12,Lease
757,672,2024-05-15,74928,24,Trade-In
369,788,2024-07-30,202581,24,Financing
153,746,2024-08-22,215137,36,Financing
730,109,2024-02-14,452411,12,Cash
465,663,2023-09-18,450596,48,Credit Card
523,116,2023-09-05,237175,48,Financing
261,586,2024-05-20,464380,48,Cash
781,212,2023-01-12,36633,24,Financing
545,714,2023-07-23,439106,24,Credit Card
528,127,2023-11-13,129106,60,Credit Card
211,555,2024-03-31,224180,12,Lease
373,48,2022-11-26,17164,24,Credit Card
76,243,2022-10-18,192689,12,Trade-In
934,130,2024-05-08,305663,48,Lease
716,126,2023-09-26,81354,24,Credit Card
386,539,2022-11-28,29873,60,Lease
590,263,2024-02-20,451618,36,Credit Card
868,8,2024-08-24,216193,60,Credit Card
385,78,2024-09-26,316172,60,Financing
742,128,2023-06-28,277725,36,Financing
331,680,2024-01-08,123814,36,Lease
733,457,2022-10-13,440834,12,Lease
10,616,2024-06-17,351775,60,Trade-In
591,228,2023-10-31,189823,12,Lease
43,645,2023-08-04,184689,36,Cash
992,794,2023-07-25,338366,36,Lease
666,654,2022-10-18,480596,12,Lease
746,303,2023-02-26,176429,60,Financing
898,230,2023-03-25,323302,36,Credit Card
917,965,2024-09-23,326335,12,Cash
24,402,2023-03-31,254699,60,Trade-In
421,382,2023-07-11,357806,60,Credit Card
721,269,2023-08-14,186292,36,Credit Card
859,115,2024-07-20,154132,24,Cash
925,431,2022-12-09,259365,36,Credit Card
457,549,2024-02-12,270790,12,Lease
272,803,2024-08-01,190021,36,Credit Card
356,132,2024-09-11,297178,24,Credit Card
932,246,2023-11-21,31614,36,Financing
927,271,2024-02-02,224199,36,Cash
711,685,2022-12-07,320593,60,Financing
946,555,2024-07-28,41353,36,Credit Card
772,62,2023-11-13,422881,12,Financing
528,828,2023-07-11,23313,36,Trade-In
228,200,2024-07-18,467013,36,Financing
21,417,2023-12-02,268524,36,Trade-In
635,662,2023-02-09,312214,48,Financing
455,680,2023-10-02,420421,60,Trade-In
457,711,2023-05-24,216843,12,Lease
794,447,2023-01-22,254219,60,Trade-In
747,636,2023-06-20,456120,24,Credit Card
9,319,2022-11-06,135253,12,Financing
432,513,2023-10-05,464035,24,Cash
602,354,2023-04-06,107841,24,Cash
925,901,2024-04-06,153321,60,Cash
662,518,2022-11-10,305524,60,Cash
1,280,2023-01-28,475765,36,Trade-In
262,104,2022-12-20,334380,48,Trade-In
888,975,2023-06-07,276264,12,Credit Card
907,327,2023-12-23,427066,24,Trade-In
826,197,2023-08-28,312835,24,Lease
516,967,2023-03-27,20123,24,Credit Card
137,451,2023-04-25,48888,36,Lease
1,492,2023-01-29,328505,60,Trade-In
550,67,2022-11-09,184393,48,Credit Card
926,406,2024-09-17,422472,24,Trade-In
557,365,2024-01-25,324864,24,Financing
535,690,2024-09-21,243339,48,Lease
328,554,2024-04-07,362773,12,Lease
756,986,2023-02-26,111073,24,Financing
263,804,2023-04-05,412796,36,Credit Card
621,453,2024-05-16,197697,12,Trade-In
599,630,2023-05-11,190790,12,Trade-In
215,547,2024-09-25,432919,48,Financing
238,756,2024-01-31,455183,60,Cash
776,217,2024-07-28,434553,36,Financing
644,964,2023-12-19,42650,24,Trade-In
682,597,2023-10-08,234459,24,Cash
670,513,2023-04-26,43934,48,Cash
547,100,2024-06-07,362023,24,Credit Card
442,511,2022-12-07,394179,36,Financing
608,104,2023-07-01,109311,36,Lease
822,722,2023-01-23,321739,48,Credit Card
304,793,2024-04-08,112723,48,Financing
667,624,2024-07-22,493934,12,Credit Card
502,837,2023-05-24,369285,36,Credit Card
352,143,2023-10-14,202306,48,Trade-In
958,850,2024-09-15,484717,12,Financing
548,753,2022-12-20,303338,24,Financing
669,480,2023-03-24,251247,36,Financing
174,46,2024-03-14,151353,60,Trade-In
769,772,2024-08-02,17856,24,Lease
774,425,2023-10-09,332042,12,Credit Card
514,223,2023-05-19,441947,60,Lease
314,81,2024-08-27,237513,60,Credit Card
910,998,2023-09-30,169619,24,Credit Card
567,787,2023-03-07,407258,24,Lease
579,988,2023-09-27,384981,48,Lease
864,323,2023-04-06,265059,24,Trade-In
372,347,2024-10-06,130901,12,Trade-In
323,307,2023-04-12,280403,60,Credit Card
749,34,2023-06-08,232780,36,Financing
330,756,2023-09-16,435910,24,Lease
999,771,2023-07-15,176406,36,Cash
592,344,2023-02-16,262116,12,Trade-In
769,105,2024-07-06,93355,60,Cash
511,584,2023-03-19,471646,60,Cash
428,439,2024-04-28,38527,12,Credit Card
742,892,2023-02-05,396504,36,Trade-In
122,795,2022-11-22,148657,48,Credit Card
101,197,2024-09-04,333489,60,Financing
732,268,2023-04-27,93665,48,Trade-In
636,365,2023-11-05,182043,24,Lease
760,513,2023-02-03,405946,12,Trade-In
253,493,2024-02-14,227114,12,Trade-In
229,190,2024-07-15,254494,36,Lease
19,460,2024-10-01,71771,36,Credit Card
453,545,2023-03-01,70183,60,Lease
97,394,2023-11-15,110323,48,Credit Card
38,631,2023-04-09,460872,12,Financing
740,525,2023-11-22,20436,24,Cash
546,52,2023-10-20,5289,60,Credit Card
495,838,2024-08-07,154532,12,Trade-In
672,920,2024-01-21,229898,60,Financing
91,890,2024-06-27,299931,24,Credit Card
609,824,2024-08-15,263987,60,Cash
886,1,2023-11-01,167924,24,Credit Card
178,124,2023-05-17,221105,48,Financing
817,633,2022-12-09,354135,24,Financing
598,709,2023-11-15,139211,24,Lease
320,34,2022-11-13,429984,48,Lease
33,799,2023-10-28,37864,24,Cash
873,866,2023-08-02,94995,12,Cash
239,337,2023-12-17,137296,48,Lease
980,619,2023-09-29,224124,60,Trade-In
136,465,2024-02-05,227390,24,Credit Card
70,840,2022-12-07,223825,12,Lease
859,148,2023-01-16,114142,24,Lease
431,775,2023-01-01,480281,60,Lease
906,490,2024-06-15,318000,12,Financing
685,754,2023-09-30,134343,36,Trade-In
20,626,2022-10-10,464007,12,Credit Card
596,485,2024-03-05,187677,24,Financing
972,586,2023-08-27,300011,12,Financing
77,691,2024-07-25,407392,36,Trade-In
944,193,2023-07-14,50241,36,Trade-In
415,332,2024-06-09,394042,36,Trade-In
218,487,2023-08-14,348610,36,Lease
37,88,2023-02-19,81135,12,Lease
192,999,2022-12-19,91867,12,Financing
812,567,2023-01-18,66886,12,Financing
6,401,2023-12-21,43969,24,Lease
738,682,2024-09-26,201367,24,Cash
650,537,2024-02-14,321048,12,Cash
345,814,2024-07-04,391404,12,Cash
570,913,2024-10-05,9561,12,Lease
717,949,2024-08-30,70078,24,Cash
1,510,2023-05-12,97819,48,Lease
634,387,2024-09-12,147724,36,Lease
788,45,2022-11-16,110165,12,Lease
36,214,2023-03-25,454765,12,Financing
187,862,2022-11-30,315134,12,Credit Card
555,609,2024-06-18,257958,48,Cash
321,182,2024-07-04,220948,48,Cash
133,690,2024-07-14,194576,36,Trade-In
719,840,2023-01-11,459060,48,Financing
955,844,2024-06-14,135485,36,Lease
756,538,2023-02-11,426023,12,Lease
333,392,2024-07-12,21350,36,Credit Card
228,138,2023-05-15,449279,60,Credit Card
894,695,2023-04-14,228368,36,Credit Card
529,942,2023-01-25,381952,12,Credit Card
924,63,2023-05-22,72842,48,Financing
596,137,2024-05-02,379547,24,Credit Card
67,564,2023-04-21,191371,12,Lease
831,932,2023-07-02,239057,12,Lease
770,372,2023-02-26,199059,24,Trade-In
539,454,2023-08-26,385196,36,Cash
191,856,2023-08-22,267812,60,Financing
311,329,2023-12-07,253873,24,Trade-In
372,836,2023-05-05,46542,12,Trade-In
553,942,2024-08-20,310848,60,Lease
985,602,2023-07-31,76626,48,Trade-In
41,557,2023-07-03,227334,60,Cash
407,391,2023-11-05,446558,36,Cash
302,537,2024-04-18,67932,60,Financing
54,20,2024-06-09,122786,60,Financing
245,178,2023-08-14,413610,48,Financing
991,705,2023-11-11,402661,60,Trade-In
572,558,2023-08-14,348879,48,Trade-In
681,895,2024-06-07,220383,48,Lease
258,242,2023-03-31,10566,36,Financing
8,718,2024-05-02,470301,48,Lease
865,920,2023-02-14,46368,48,Trade-In
480,711,2024-06-30,81736,36,Financing
287,483,2024-04-29,320118,36,Cash
161,383,2023-11-17,359889,60,Credit Card
612,637,2023-09-19,25937,60,Credit Card
325,115,2022-10-16,405353,60,Lease
702,182,2024-05-20,194656,60,Credit Card
815,743,2024-08-14,477606,48,Trade-In
807,434,2024-01-04,476245,48,Trade-In
922,957,2023-02-24,446426,12,Credit Card
356,578,2023-01-18,414857,48,Lease
910,411,2023-04-23,337846,48,Credit Card
623,29,2023-06-20,94907,48,Cash
194,959,2024-10-05,457100,48,Trade-In
183,71,2023-06-09,430934,24,Cash
548,637,2024-02-04,260944,60,Cash
723,773,2024-07-24,397982,12,Trade-In
293,62,2024-07-21,364696,12,Trade-In
852,82,2023-08-13,380467,24,Trade-In
126,905,2024-08-26,424602,48,Financing
298,389,2023-08-01,63408,60,Cash
866,616,2024-02-18,241639,12,Lease
562,439,2024-05-08,405423,36,Credit Card
52,837,2022-12-18,136800,48,Credit Card
844,947,2023-04-28,444526,60,Lease
647,960,2023-12-13,204048,12,Credit Card
486,681,2024-09-20,227634,48,Financing
158,526,2023-01-09,482918,36,Financing
217,697,2024-04-03,159535,48,Financing
363,560,2024-03-19,177256,60,Credit Card
230,436,2024-10-09,333494,36,Trade-In
752,87,2023-04-16,444338,48,Trade-In
655,940,2023-09-18,472529,12,Lease
475,602,2023-06-21,241347,60,Cash
693,971,2023-04-03,41820,12,Lease
965,854,2022-11-18,488841,12,Financing
160,422,2023-02-04,486139,12,Credit Card
504,459,2023-03-15,9185,12,Credit Card
519,109,2023-09-25,27528,48,Trade-In
758,248,2023-08-29,238407,48,Financing
579,256,2023-04-14,339951,24,Credit Card
418,819,2024-04-02,191317,36,Credit Card
629,26,2024-01-28,294413,24,Credit Card
966,478,2023-10-01,204925,24,Lease
905,421,2024-09-23,110898,36,Cash
463,901,2022-12-13,451029,24,Credit Card
888,702,2022-12-30,123703,48,Trade-In
741,83,2023-03-30,418991,36,Lease
255,266,2024-01-10,305509,48,Financing
233,94,2024-09-11,200009,24,Cash
530,473,2022-12-06,20633,36,Trade-In
826,671,2023-11-03,405580,60,Financing
249,377,2023-10-28,341971,36,Lease
707,883,2024-05-26,141018,48,Cash
276,893,2024-04-23,298931,12,Financing
528,188,2024-04-04,361681,60,Financing
176,123,2023-06-18,28524,36,Credit Card
307,823,2024-05-01,255479,60,Cash
887,714,2024-07-30,122237,24,Lease
912,850,2024-03-30,373721,24,Cash
101,278,2023-07-23,383944,24,Lease
427,249,2023-10-14,360265,60,Credit Card
451,545,2023-02-11,46819,60,Cash
253,73,2024-08-12,264601,36,Trade-In
393,658,2024-06-25,47793,36,Credit Card
753,669,2023-10-31,88849,60,Credit Card
732,62,2023-05-13,377646,12,Lease
811,386,2024-04-20,496306,24,Trade-In
877,963,2023-12-24,91005,36,Financing
690,866,2022-12-08,195585,36,Financing
412,405,2024-08-12,143630,48,Cash
859,579,2022-11-15,47175,12,Lease
705,386,2023-10-01,110378,48,Cash
434,725,2023-04-04,180142,24,Credit Card
808,568,2023-05-13,139433,12,Financing
417,579,2024-03-21,119860,24,Lease
888,517,2023-05-15,439733,12,Credit Card
373,93,2023-11-01,449488,12,Trade-In
367,406,2023-05-30,318335,48,Lease
428,118,2022-12-16,106045,12,Credit Card
291,538,2022-12-19,461402,24,Credit Card
438,437,2023-09-28,150538,36,Lease
788,448,2023-02-06,37299,48,Financing
218,455,2023-08-24,239250,36,Lease
448,786,2024-02-01,56996,60,Cash
733,106,2023-08-15,361035,36,Lease
667,825,2023-10-27,370278,60,Trade-In
794,852,2022-11-25,78527,60,Credit Card
949,588,2024-01-27,46107,60,Trade-In
560,305,2023-08-07,158265,48,Cash
81,939,2024-01-01,87524,24,Cash
643,398,2023-06-12,358364,36,Financing
808,434,2023-04-06,223994,36,Credit Card
483,890,2023-05-27,386952,60,Trade-In
193,540,2023-10-05,273363,36,Lease
331,64,2024-06-11,448331,48,Cash
163,581,2023-03-14,381700,24,Cash
676,486,2024-03-02,88478,12,Cash
609,23,2023-01-19,76482,24,Lease
449,57,2023-09-21,200739,24,Financing
342,998,2023-06-20,245704,48,Trade-In
569,55,2023-01-01,320997,12,Financing
175,422,2024-06-22,365991,36,Trade-In
949,148,2024-06-24,343420,60,Trade-In
347,776,2022-12-09,29479,36,Cash
121,414,2024-01-04,41364,48,Cash
248,659,2023-03-03,396023,60,Credit Card
108,534,2023-08-12,116653,12,Financing
264,184,2024-01-13,31059,12,Lease
817,899,2024-03-31,493213,12,Cash
933,186,2024-01-22,497838,48,Credit Card
159,769,2023-02-28,355855,36,Credit Card
963,384,2023-04-20,337356,36,Trade-In
605,150,2023-11-27,376984,60,Credit Card
636,914,2024-01-21,318725,36,Cash
948,30,2023-09-02,490496,36,Lease
290,410,2023-07-31,476314,12,Financing
981,119,2023-09-20,31241,36,Trade-In
967,122,2024-06-27,422841,48,Trade-In
53,766,2024-05-27,272398,36,Lease
759,344,2023-01-14,296523,60,Lease
855,901,2023-05-31,31259,24,Financing
113,891,2024-07-17,128610,60,Credit Card
288,908,2023-12-12,326745,60,Cash
287,823,2023-04-27,152150,36,Trade-In
463,792,2023-06-15,463033,12,Financing
764,692,2024-02-27,197664,48,Lease
237,613,2023-01-11,347795,48,Lease
811,166,2023-09-19,358563,48,Credit Card
871,246,2023-02-28,67990,12,Financing
421,507,2023-01-11,255491,36,Lease
234,480,2024-04-11,342799,24,Cash
175,356,2024-05-13,466858,60,Lease
627,719,2024-02-02,194522,24,Cash
989,970,2024-03-13,478293,12,Financing
649,163,2023-06-29,486295,36,Trade-In
376,572,2022-11-16,352336,24,Credit Card
366,157,2023-12-03,35061,24,Cash
58,738,2023-10-05,124053,12,Lease
64,464,2023-03-07,426446,48,Lease
303,107,2023-01-04,199066,24,Credit Card
513,596,2023-03-02,117790,36,Lease
266,665,2023-05-14,398571,36,Financing
340,550,2024-03-31,360718,36,Cash
269,44,2023-07-10,222558,12,Cash
353,679,2024-06-21,116480,24,Trade-In
823,392,2023-02-15,439068,12,Trade-In
5,6,2022-12-07,383938,24,Financing
528,363,2024-06-04,458042,12,Trade-In
316,47,2022-12-20,136029,24,Financing
344,683,2023-02-10,475204,36,Credit Card
977,36,2024-01-20,278074,36,Financing
491,836,2024-05-30,316156,36,Cash
822,125,2024-10-01,161160,60,Lease
605,780,2024-07-06,219305,12,Cash
385,806,2024-05-29,245494,24,Credit Card
261,66,2023-12-13,43347,48,Cash
697,89,2024-06-08,463612,48,Cash
631,359,2022-12-20,308635,60,Cash
780,665,2024-02-06,385165,60,Credit Card
240,778,2023-01-06,391903,60,Financing
501,319,2024-04-02,42400,48,Cash
939,451,2024-03-06,333161,24,Lease
397,185,2023-04-16,350947,36,Trade-In
88,801,2023-10-31,428329,60,Lease
857,127,2024-10-06,210206,12,Credit Card
136,945,2022-11-30,413756,60,Trade-In
515,237,2024-05-01,416591,48,Trade-In
721,388,2022-11-01,143479,12,Financing
814,957,2023-09-23,293309,12,Credit Card
751,628,2024-05-18,264611,36,Lease
989,544,2023-02-12,362845,48,Cash
229,603,2023-03-23,92141,36,Lease
75,700,2024-10-07,485532,60,Lease
741,300,2023-12-27,285014,60,Trade-In
158,214,2024-04-06,158945,24,Credit Card
429,984,2024-03-01,283353,48,Lease
295,695,2023-03-10,302867,12,Financing
391,707,2024-01-29,194534,24,Lease
629,739,2024-01-13,163504,12,Financing
626,831,2024-08-12,117448,24,Lease
771,288,2022-12-12,385073,24,Financing
878,332,2024-02-04,407122,36,Credit Card
695,891,2024-05-19,330323,36,Credit Card
436,635,2023-05-19,419299,36,Trade-In
997,213,2023-01-21,102818,60,Cash
550,401,2024-03-31,374478,36,Lease
560,632,2023-03-04,197909,24,Financing
655,989,2024-03-31,214140,60,Lease
173,991,2022-12-19,202384,48,Trade-In
403,123,2023-03-03,74106,12,Lease
535,338,2023-04-30,455955,24,Financing
980,796,2023-03-17,31935,24,Cash
250,785,2024-03-29,153331,24,Credit Card
728,760,2024-03-30,73204,12,Trade-In
998,418,2022-10-26,410523,60,Trade-In
578,16,2024-02-25,448663,48,Lease
902,85,2024-03-27,429061,36,Lease
724,486,2024-10-04,253033,36,Financing
848,820,2023-10-02,24846,60,Lease
558,18,2023-05-14,123183,48,Cash
259,418,2024-07-30,391429,12,Credit Card
936,701,2023-05-22,498174,24,Cash
332,737,2022-10-28,299910,60,Financing
641,753,2022-12-13,140129,36,Financing
513,220,2024-06-08,232088,36,Cash
265,912,2024-07-18,128084,48,Credit Card
120,307,2022-10-17,124972,12,Financing
803,488,2023-05-07,183956,12,Cash
680,868,2024-04-05,130507,12,Credit Card
206,710,2023-09-27,484493,60,Credit Card
1,233,2024-10-01,411246,48,Financing
507,969,2022-11-04,302359,48,Lease
351,12,2023-04-12,239301,24,Financing
646,840,2024-02-02,499685,48,Cash
346,243,2023-04-13,223196,48,Trade-In
930,701,2024-09-11,164367,60,Financing
740,581,2023-06-22,377621,12,Trade-In
933,768,2023-04-02,25641,12,Trade-In
457,549,2023-02-28,194182,36,Financing
917,429,2024-03-14,257191,48,Cash
268,783,2023-03-07,359887,12,Credit Card
479,360,2023-01-12,26266,12,Financing
800,458,2024-05-24,262126,60,Trade-In
966,352,2023-04-08,369948,12,Trade-In
939,212,2023-04-14,52948,24,Cash
387,88,2023-10-09,28139,48,Lease
458,649,2024-07-16,35316,60,Financing
295,327,2023-04-21,41872,60,Trade-In
189,226,2023-04-17,249515,12,Financing
541,725,2024-08-22,102692,12,Trade-In
737,848,2023-05-29,421223,24,Trade-In
400,842,2023-11-04,257417,24,Cash
787,752,2024-05-06,452465,36,Credit Card
755,198,2024-05-23,89127,48,Lease
882,608,2023-08-06,141411,60,Financing
144,454,2024-05-22,34407,60,Lease
860,294,2024-02-15,127143,12,Cash
309,142,2023-07-26,199028,48,Trade-In
284,631,2024-08-17,207395,36,Lease
528,924,2024-09-14,180265,24,Cash
456,339,2024-05-13,427820,12,Cash
378,613,2022-10-23,335198,24,Trade-In
257,695,2023-04-26,290700,48,Financing
729,157,2024-08-13,32148,48,Credit Card
359,964,2022-12-31,166072,12,Financing
17,969,2024-02-26,53720,24,Financing
610,492,2024-10-04,436421,12,Financing
527,774,2023-11-08,67453,36,Cash
230,344,2023-04-16,216479,12,Financing
777,757,2024-05-23,454014,24,Credit Card
858,310,2022-11-16,101840,24,Credit Card
993,60,2022-12-20,486630,36,Financing
83,236,2023-02-24,368192,36,Cash
360,975,2023-07-07,376095,36,Cash
205,716,2023-03-05,45178,48,Financing
645,410,2023-01-28,478686,12,Trade-In
576,158,2024-01-17,50884,60,Cash
497,408,2024-02-04,384513,24,Cash
428,812,2022-12-23,320664,48,Financing
255,542,2024-09-15,199818,48,Cash
819,599,2023-09-06,292796,12,Credit Card
727,539,2023-07-23,29066,24,Credit Card
692,753,2022-12-16,337159,24,Trade-In
288,309,2023-06-25,302983,12,Credit Card
601,187,2022-12-22,451205,24,Lease
553,259,2023-06-17,156293,12,Credit Card
477,306,2024-06-14,51153,48,Lease
648,89,2023-09-18,207437,12,Lease
616,34,2022-11-30,165251,60,Financing
481,248,2023-09-01,486241,48,Credit Card
834,166,2023-08-04,197409,48,Credit Card
612,185,2023-11-12,492267,36,Credit Card
845,628,2023-06-28,49987,48,Trade-In
832,85,2023-01-07,171841,48,Credit Card
84,867,2024-02-17,98422,36,Trade-In
198,338,2024-09-15,240259,60,Trade-In
117,571,2023-09-01,41392,24,Lease
986,999,2022-11-10,429672,48,Cash
716,496,2022-10-10,239465,12,Trade-In
471,817,2024-05-04,146262,36,Credit Card
326,364,2023-01-31,52765,12,Credit Card
732,738,2023-05-09,44385,36,Lease
483,539,2023-04-12,252100,12,Financing
671,213,2023-02-21,366508,48,Trade-In
181,604,2023-07-19,162474,48,Cash
982,358,2023-05-12,206598,60,Credit Card
967,116,2023-03-08,433809,12,Trade-In
506,136,2022-10-17,364320,24,Lease
684,324,2023-12-01,38223,36,Credit Card
466,135,2023-11-28,405582,12,Trade-In
663,766,2023-05-24,475660,48,Lease
517,262,2024-02-07,89106,12,Financing
498,118,2024-06-25,351569,12,Lease
509,46,2023-04-07,320940,24,Cash
800,523,2023-03-16,197787,60,Credit Card
117,931,2024-01-23,28872,60,Lease
676,455,2022-12-30,248181,48,Lease
103,559,2024-06-02,412533,12,Lease
203,198,2023-09-17,102054,12,Cash
123,252,2024-01-16,31677,48,Lease
570,354,2023-11-25,277398,12,Credit Card
286,121,2022-11-14,422103,60,Financing
734,511,2024-09-17,298011,24,Lease
825,489,2024-07-30,434914,36,Credit Card
911,895,2023-05-04,495336,36,Financing
937,428,2024-04-08,441845,24,Credit Card
192,36,2023-12-26,482212,12,Lease
394,932,2024-04-08,388722,24,Financing
652,719,2024-08-15,134141,12,Financing
765,641,2023-08-19,364405,12,Cash
644,370,2024-08-02,188756,36,Financing
36,551,2023-04-09,101502,12,Cash
549,447,2024-01-22,434311,60,Lease
316,743,2024-07-19,387004,12,Credit Card
125,481,2024-06-09,221556,12,Credit Card
547,22,2023-07-04,428008,48,Trade-In
452,733,2023-11-03,162172,48,Cash
464,785,2024-07-09,304614,12,Cash
156,937,2024-05-11,357283,60,Credit Card
925,432,2024-08-12,84739,36,Lease
796,555,2024-07-25,43134,24,Financing
992,34,2023-08-15,163579,36,Financing
623,506,2024-02-06,446169,48,Cash
930,720,2023-10-09,101622,48,Lease
237,59,2024-05-28,162211,48,Trade-In
377,57,2023-03-31,133937,60,Cash
677,179,2024-09-07,445636,48,Cash
92,31,2024-04-25,35095,60,Trade-In
471,377,2022-11-14,119319,36,Trade-In
373,187,2023-01-22,242100,48,Credit Card
398,182,2023-02-12,40767,60,Financing
875,734,2023-03-28,206312,60,Trade-In
547,700,2024-07-13,45984,48,Credit Card
658,473,2023-11-04,95826,12,Cash
918,424,2022-12-23,238742,60,Financing
976,933,2022-11-18,294308,24,Lease
979,817,2023-12-20,415644,24,Lease
405,472,2024-09-04,269832,24,Trade-In
176,689,2023-04-19,143429,36,Lease
727,764,2023-02-08,175536,12,Financing
431,689,2024-09-12,412217,48,Trade-In
552,718,2024-06-05,226793,48,Cash
122,188,2022-11-09,282961,48,Trade-In
929,87,2024-10-04,235754,48,Financing
416,23,2023-07-24,69373,48,Trade-In
750,567,2023-07-24,71997,48,Trade-In
760,950,2024-05-24,58328,60,Trade-In
691,152,2023-08-16,446212,24,Financing
407,180,2024-07-10,285091,60,Lease
712,793,2023-11-08,227422,36,Credit Card
206,119,2024-03-31,22425,60,Lease
338,685,2023-10-31,252573,60,Lease
131,278,2024-02-03,363983,60,Trade-In
301,482,2023-09-13,477914,48,Cash
788,281,2023-08-22,8585,24,Lease
656,354,2023-10-17,285718,24,Trade-In
903,180,2023-05-18,441894,48,Lease
66,672,2024-09-11,383330,60,Lease
486,915,2023-07-26,191712,12,Credit Card
558,577,2024-08-28,168227,12,Credit Card
486,859,2023-07-27,131708,12,Credit Card
207,72,2022-12-19,443726,48,Lease
292,118,2024-07-04,370517,12,Cash
465,514,2023-02-19,459696,48,Lease
433,611,2023-07-18,86351,24,Cash
163,729,2023-12-23,169952,36,Lease
514,426,2023-05-23,324378,12,Lease
813,811,2023-10-28,29846,36,Credit Card
468,279,2023-04-25,399337,48,Financing
428,110,2023-03-12,144413,24,Financing
994,693,2024-08-17,131441,60,Credit Card
311,799,2022-12-24,261774,24,Trade-In
187,729,2023-04-26,400601,48,Financing
283,675,2023-07-22,295166,48,Credit Card
38,946,2022-10-29,428913,24,Lease
638,251,2023-04-17,466417,60,Trade-In
892,630,2023-06-13,284605,60,Trade-In
453,70,2022-11-16,294756,24,Trade-In
711,512,2023-02-22,337787,36,Credit Card
954,853,2023-02-27,446620,24,Credit Card
74,591,2023-11-03,19276,60,Financing
186,308,2024-03-03,249136,48,Lease
462,83,2023-06-27,180417,36,Financing
50,580,2023-01-22,342848,24,Credit Card
769,69,2023-11-20,421840,12,Credit Card
7,50,2024-06-02,158453,12,Cash
217,855,2023-09-28,455968,36,Cash
167,270,2023-01-14,319665,48,Trade-In
897,373,2024-03-20,20676,24,Financing
603,14,2024-06-12,228506,24,Cash
131,721,2024-02-23,241505,12,Trade-In
617,478,2023-12-15,349939,60,Lease
511,789,2022-12-13,497382,48,Trade-In
46,6,2022-12-25,430442,36,Cash
41,219,2023-05-21,498119,48,Lease
422,122,2024-05-19,266012,60,Credit Card
261,544,2023-11-23,495891,60,Trade-In
1000,785,2024-01-22,210094,12,Financing
546,362,2023-04-26,23646,60,Trade-In
363,498,2022-12-30,64246,48,Financing
987,97,2023-08-27,145828,60,Trade-In
33,922,2023-05-14,460598,48,Credit Card
137,994,2024-08-01,230498,24,Lease
322,794,2024-10-03,339365,36,Cash
487,406,2023-06-25,409049,24,Credit Card
325,180,2024-09-29,370885,36,Cash
356,768,2022-12-15,168845,24,Trade-In
890,251,2024-10-03,410519,36,Trade-In
329,818,2024-02-13,433301,60,Lease
601,934,2024-02-21,269010,60,Cash
496,922,2023-11-27,388313,24,Lease
445,680,2023-10-26,341692,12,Lease
696,681,2024-09-02,274860,48,Credit Card
242,865,2023-11-01,98317,24,Lease
772,124,2023-09-17,240855,60,Financing
137,798,2024-07-23,413024,24,Credit Card
158,515,2024-07-03,102747,60,Cash
336,806,2024-07-15,223259,60,Cash
426,816,2024-02-17,259727,48,Lease
23,60,2023-03-26,226266,60,Credit Card
413,575,2023-10-26,390634,24,Credit Card
610,663,2023-12-19,439835,24,Cash
583,530,2023-01-16,114645,36,Trade-In
953,727,2024-03-08,355851,48,Credit Card
990,923,2023-11-03,28178,48,Cash
514,240,2023-11-17,25099,60,Lease
97,629,2023-07-11,375548,24,Financing
706,13,2023-06-19,219590,48,Lease
223,179,2022-10-23,187311,60,Cash
902,381,2024-05-01,271488,24,Trade-In
950,397,2024-05-29,10331,36,Financing
312,725,2023-02-10,283838,48,Cash
714,937,2024-08-25,181846,36,Cash
353,347,2023-12-16,475790,36,Cash
419,269,2023-06-12,201404,24,Financing
108,776,2024-04-21,175097,60,Lease
543,963,2023-11-07,241933,60,Credit Card
164,613,2023-08-20,380814,36,Trade-In
957,452,2023-01-09,251171,24,Financing
588,720,2024-01-29,419815,60,Financing
806,715,2022-11-05,21122,36,Lease
52,677,2023-07-01,253057,36,Trade-In
943,447,2023-01-16,104027,48,Lease
68,586,2023-11-29,367296,12,Financing
171,863,2024-07-14,253566,60,Credit Card
21,585,2023-07-26,495159,60,Cash
710,496,2023-08-12,166652,12,Lease
737,457,2024-06-24,330322,24,Credit Card
1,489,2023-03-15,414593,12,Trade-In
44,957,2023-01-14,282270,60,Cash
121,960,2024-05-07,5539,36,Lease
629,698,2023-05-05,468056,36,Lease
248,553,2024-04-24,390448,48,Cash
784,262,2024-03-26,370372,48,Trade-In
410,360,2024-03-10,34699,24,Cash
692,945,2024-09-09,449328,60,Financing
532,698,2024-07-24,209888,12,Cash
738,976,2022-11-21,350101,36,Cash
672,764,2023-04-28,468247,48,Trade-In
391,195,2023-10-09,374006,48,Cash
3,51,2023-08-20,307838,12,Lease
973,719,2024-08-10,42894,36,Trade-In
964,679,2022-11-19,362705,60,Financing
735,205,2023-03-05,387427,12,Financing
425,981,2023-05-17,241858,48,Cash
804,533,2024-03-08,263001,12,Financing
430,626,2023-06-01,25814,12,Lease
719,941,2023-02-07,483850,36,Cash
409,149,2023-12-21,196374,12,Cash
273,98,2024-04-24,352275,24,Financing
134,51,2023-09-05,9432,48,Cash
114,342,2023-01-21,184921,48,Trade-In
402,722,2024-04-24,344466,48,Credit Card
67,780,2024-01-13,482362,48,Financing
615,556,2024-04-12,275125,36,Financing
379,720,2023-12-11,134087,24,Financing
549,990,2023-04-26,357591,48,Lease
666,110,2024-04-24,34709,12,Lease
961,75,2024-08-26,202849,60,Credit Card
322,766,2022-11-08,376799,36,Cash
337,110,2023-09-26,242950,60,Trade-In
442,525,2023-11-29,323532,60,Financing
712,627,2023-08-20,490789,48,Financing
741,910,2024-01-12,374117,60,Financing
536,211,2024-02-08,236365,48,Trade-In
646,728,2023-01-28,337114,48,Cash
872,376,2024-03-01,86272,24,Financing
823,377,2024-08-02,469745,60,Cash
994,317,2024-01-26,67694,60,Credit Card
575,807,2023-01-07,261134,24,Trade-In
163,104,2023-05-21,454582,60,Cash
69,295,2023-11-01,40479,48,Financing
535,351,2022-11-07,43871,48,Lease
369,451,2023-06-06,379803,48,Credit Card
221,154,2023-08-06,266945,36,Financing
45,718,2022-11-22,98748,36,Lease
114,669,2023-04-30,215188,12,Trade-In
367,695,2023-11-04,385244,12,Financing
869,270,2024-03-26,439077,60,Financing
297,179,2023-01-12,238189,24,Cash
355,840,2022-10-13,493074,60,Trade-In
48,460,2023-08-30,374167,12,Lease
370,835,2023-07-07,262049,60,Lease
722,760,2024-08-15,7868,12,Lease
980,517,2024-04-22,123455,24,Lease
617,666,2022-10-30,383534,36,Cash
357,681,2023-11-24,121813,12,Financing
272,294,2024-05-23,219821,36,Credit Card
913,585,2023-12-13,54015,12,Lease
828,885,2023-03-08,118248,48,Trade-In
181,875,2023-01-15,177774,60,Trade-In
974,650,2023-04-09,286582,12,Credit Card
468,723,2023-12-01,313440,12,Credit Card
311,907,2023-08-23,219504,48,Lease
498,573,2023-08-16,55199,60,Cash
128,853,2023-01-05,187891,48,Credit Card
118,708,2023-12-05,264089,24,Cash
539,13,2022-12-21,460011,12,Credit Card
323,377,2024-09-30,162377,60,Financing
268,4,2023-11-15,440320,12,Credit Card
626,724,2023-03-28,380403,12,Cash
76,368,2022-10-26,446276,24,Cash
901,716,2023-04-11,285503,60,Cash
121,715,2024-03-06,493301,24,Financing
345,379,2024-02-12,115856,36,Trade-In
515,549,2023-06-21,101541,24,Credit Card
379,796,2023-06-04,164635,60,Trade-In
380,449,2024-06-18,384636,60,Credit Card
821,20,2023-10-20,184926,48,Cash
405,398,2024-09-15,432148,60,Credit Card
999,702,2023-03-16,302698,12,Cash
828,222,2023-06-07,381994,36,Trade-In
784,394,2023-12-26,47577,24,Credit Card
757,987,2023-01-13,162136,60,Credit Card
434,57,2023-01-13,306422,36,Trade-In
781,188,2024-05-19,225090,36,Lease
92,867,2023-03-12,436507,36,Credit Card
813,469,2023-03-05,392716,24,Credit Card
251,725,2024-09-18,365343,60,Financing
549,141,2024-05-17,72150,12,Lease
880,930,2023-05-22,96266,48,Credit Card
185,678,2023-06-24,269705,60,Credit Card
773,379,2023-09-04,243586,36,Trade-In
141,938,2024-10-03,210237,36,Cash
304,509,2024-06-22,70401,36,Trade-In
628,611,2024-02-18,84178,60,Financing
660,278,2023-05-27,489539,60,Cash
976,823,2024-07-20,464664,48,Cash
822,467,2023-06-05,58231,24,Lease
740,442,2024-10-04,313440,48,Financing
772,646,2023-08-27,417492,36,Trade-In
424,43,2024-02-14,457058,24,Cash
725,941,2024-06-10,69794,24,Trade-In
208,917,2023-01-25,12584,60,Cash
20,646,2023-10-03,137304,60,Trade-In
447,751,2023-05-05,218922,12,Trade-In
343,12,2023-11-24,402171,24,Cash
735,14,2023-12-02,451523,60,Lease
833,308,2023-02-28,53012,24,Financing
122,103,2024-04-02,386372,48,Lease
886,920,2024-04-15,486873,24,Credit Card
863,638,2023-07-29,495864,60,Financing
502,443,2023-02-01,446043,60,Financing
193,440,2023-03-11,209681,24,Credit Card
344,943,2024-08-31,194937,36,Credit Card
623,247,2023-09-12,148865,36,Financing
163,690,2023-06-25,98492,24,Trade-In
730,283,2023-03-25,148026,24,Lease
130,988,2022-12-11,257048,12,Financing
105,950,2024-04-30,17297,60,Cash
921,297,2024-03-24,331988,24,Cash
502,987,2024-05-29,68657,36,Lease
305,314,2023-01-26,171389,60,Cash
492,188,2024-03-29,344443,60,Cash
71,10,2023-05-04,277520,60,Cash
120,667,2023-03-23,121987,36,Trade-In
35,717,2024-01-04,170806,12,Financing
821,734,2024-07-29,484539,36,Lease
82,940,2024-02-17,13452,36,Lease
375,820,2023-06-21,58780,24,Financing
728,717,2023-10-03,379592,60,Cash
174,830,2024-07-09,182071,36,Trade-In
27,397,2023-11-02,498687,60,Financing
610,831,2023-05-06,453003,48,Financing
455,126,2023-03-11,484110,24,Cash
168,31,2022-11-20,48468,48,Trade-In
122,1000,2023-08-04,96413,60,Financing
62,346,2022-12-30,351999,60,Trade-In
349,185,2024-02-20,268310,36,Lease
948,16,2023-12-21,265867,60,Credit Card
337,780,2024-04-02,79731,48,Lease
406,139,2023-04-08,126448,48,Trade-In
27,159,2023-07-08,24302,36,Cash
185,951,2024-03-23,407459,36,Credit Card
569,611,2024-03-02,130709,12,Trade-In
968,356,2024-09-04,126642,36,Cash
495,919,2023-06-28,119389,48,Trade-In
494,825,2024-07-02,214660,36,Financing
577,466,2024-10-06,38594,48,Lease
681,698,2024-04-22,354287,12,Financing
515,695,2023-05-07,388831,48,Cash
658,242,2024-09-02,277845,24,Cash
201,860,2024-02-16,239684,48,Credit Card
626,800,2024-06-24,367018,24,Financing
737,202,2023-11-05,92322,24,Credit Card
494,41,2023-07-21,329314,24,Trade-In
420,58,2023-02-25,452283,60,Financing
335,193,2024-02-27,470114,60,Financing
93,271,2024-02-14,26593,48,Credit Card
74,314,2023-03-24,397113,48,Trade-In
661,246,2024-04-08,71162,24,Credit Card
214,518,2024-04-28,445879,24,Credit Card
592,177,2023-10-20,279474,48,Financing
84,966,2023-03-10,16291,36,Credit Card
910,222,2023-03-12,304642,36,Lease
792,963,2023-11-01,439802,36,Trade-In
232,883,2024-02-09,464909,36,Cash
385,123,2022-11-11,233269,60,Financing
379,851,2023-09-29,270534,24,Trade-In
585,951,2024-09-07,90421,36,Lease
318,301,2022-11-08,220126,36,Lease
803,364,2023-08-18,404077,60,Financing
64,166,2024-03-27,403915,48,Cash
661,368,2023-07-15,167940,36,Trade-In
1,20,2024-05-18,112588,24,Lease
233,114,2024-06-27,379333,36,Credit Card
